Country Name,Country Code,Series Name,Series Code,2019 [YR2019]
Afghanistan,AFG,Rule of Law: Estimate,RL.EST,-1.713714
Afghanistan,AFG,Government Effectiveness: Estimate,GE.EST,-1.463065
Albania,ALB,Rule of Law: Estimate,RL.EST,-0.4110933
Albania,ALB,Government Effectiveness: Estimate,GE.EST,-0.0622132
Algeria,DZA,Rule of Law: Estimate,RL.EST,-0.8157083
Algeria,DZA,Government Effectiveness: Estimate,GE.EST,-0.5163999
American Samoa,ASM,Rule of Law: Estimate,RL.EST,1.335337
American Samoa,ASM,Government Effectiveness: Estimate,GE.EST,0.5423087
Andorra,AND,Rule of Law: Estimate,RL.EST,1.580232
Andorra,AND,Government Effectiveness: Estimate,GE.EST,1.908389
Angola,AGO,Rule of Law: Estimate,RL.EST,-1.054597
Angola,AGO,Government Effectiveness: Estimate,GE.EST,-1.11754
Anguilla,AIA,Rule of Law: Estimate,RL.EST,0.3557552
Anguilla,AIA,Government Effectiveness: Estimate,GE.EST,0.8155248
Antigua and Barbuda,ATG,Rule of Law: Estimate,RL.EST,0.4052342
Antigua and Barbuda,ATG,Government Effectiveness: Estimate,GE.EST,-0.0041234
Argentina,ARG,Rule of Law: Estimate,RL.EST,-0.4306342
Argentina,ARG,Government Effectiveness: Estimate,GE.EST,-0.0869984
Armenia,ARM,Rule of Law: Estimate,RL.EST,-0.13098
Armenia,ARM,Government Effectiveness: Estimate,GE.EST,-0.0666463
Aruba,ABW,Rule of Law: Estimate,RL.EST,1.26335
Aruba,ABW,Government Effectiveness: Estimate,GE.EST,1.029622
Australia,AUS,Rule of Law: Estimate,RL.EST,1.734473
Australia,AUS,Government Effectiveness: Estimate,GE.EST,1.571555
Austria,AUT,Rule of Law: Estimate,RL.EST,1.904162
Austria,AUT,Government Effectiveness: Estimate,GE.EST,1.527737
Azerbaijan,AZE,Rule of Law: Estimate,RL.EST,-0.5771515
Azerbaijan,AZE,Government Effectiveness: Estimate,GE.EST,-0.1401703
"Bahamas, The",BHS,Rule of Law: Estimate,RL.EST,0.0764876
"Bahamas, The",BHS,Government Effectiveness: Estimate,GE.EST,0.4858155
Bahrain,BHR,Rule of Law: Estimate,RL.EST,0.4944274
Bahrain,BHR,Government Effectiveness: Estimate,GE.EST,0.2984906
Bangladesh,BGD,Rule of Law: Estimate,RL.EST,-0.6363772
Bangladesh,BGD,Government Effectiveness: Estimate,GE.EST,-0.7402849
Barbados,BRB,Rule of Law: Estimate,RL.EST,0.3570479
Barbados,BRB,Government Effectiveness: Estimate,GE.EST,0.6311362
Belarus,BLR,Rule of Law: Estimate,RL.EST,-0.7943493
Belarus,BLR,Government Effectiveness: Estimate,GE.EST,-0.1843532
Belgium,BEL,Rule of Law: Estimate,RL.EST,1.37409
Belgium,BEL,Government Effectiveness: Estimate,GE.EST,1.148132
Belize,BLZ,Rule of Law: Estimate,RL.EST,-0.7752398
Belize,BLZ,Government Effectiveness: Estimate,GE.EST,-0.6776266
Benin,BEN,Rule of Law: Estimate,RL.EST,-0.6637715
Benin,BEN,Government Effectiveness: Estimate,GE.EST,-0.4411183
Bermuda,BMU,Rule of Law: Estimate,RL.EST,0.8455459
Bermuda,BMU,Government Effectiveness: Estimate,GE.EST,1.361957
Bhutan,BTN,Rule of Law: Estimate,RL.EST,0.5903587
Bhutan,BTN,Government Effectiveness: Estimate,GE.EST,0.3124391
Bolivia,BOL,Rule of Law: Estimate,RL.EST,-1.121446
Bolivia,BOL,Government Effectiveness: Estimate,GE.EST,-0.6993221
Bosnia and Herzegovina,BIH,Rule of Law: Estimate,RL.EST,-0.2334548
Bosnia and Herzegovina,BIH,Government Effectiveness: Estimate,GE.EST,-0.6344742
Botswana,BWA,Rule of Law: Estimate,RL.EST,0.4989015
Botswana,BWA,Government Effectiveness: Estimate,GE.EST,0.4282575
Brazil,BRA,Rule of Law: Estimate,RL.EST,-0.1806352
Brazil,BRA,Government Effectiveness: Estimate,GE.EST,-0.1869027
Brunei Darussalam,BRN,Rule of Law: Estimate,RL.EST,0.6143432
Brunei Darussalam,BRN,Government Effectiveness: Estimate,GE.EST,1.317982
Bulgaria,BGR,Rule of Law: Estimate,RL.EST,-0.0063268
Bulgaria,BGR,Government Effectiveness: Estimate,GE.EST,0.2633897
Burkina Faso,BFA,Rule of Law: Estimate,RL.EST,-0.4261681
Burkina Faso,BFA,Government Effectiveness: Estimate,GE.EST,-0.7587574
Burundi,BDI,Rule of Law: Estimate,RL.EST,-1.432129
Burundi,BDI,Government Effectiveness: Estimate,GE.EST,-1.326445
Cabo Verde,CPV,Rule of Law: Estimate,RL.EST,0.5158916
Cabo Verde,CPV,Government Effectiveness: Estimate,GE.EST,0.292097
Cambodia,KHM,Rule of Law: Estimate,RL.EST,-0.9357082
Cambodia,KHM,Government Effectiveness: Estimate,GE.EST,-0.58005
Cameroon,CMR,Rule of Law: Estimate,RL.EST,-1.118981
Cameroon,CMR,Government Effectiveness: Estimate,GE.EST,-0.8121258
Canada,CAN,Rule of Law: Estimate,RL.EST,1.760273
Canada,CAN,Government Effectiveness: Estimate,GE.EST,1.731293
Cayman Islands,CYM,Rule of Law: Estimate,RL.EST,0.7691198
Cayman Islands,CYM,Government Effectiveness: Estimate,GE.EST,1.169075
Central African Republic,CAF,Rule of Law: Estimate,RL.EST,-1.728578
Central African Republic,CAF,Government Effectiveness: Estimate,GE.EST,-1.746933
Chad,TCD,Rule of Law: Estimate,RL.EST,-1.283379
Chad,TCD,Government Effectiveness: Estimate,GE.EST,-1.568414
Chile,CHL,Rule of Law: Estimate,RL.EST,1.074586
Chile,CHL,Government Effectiveness: Estimate,GE.EST,1.060289
China,CHN,Rule of Law: Estimate,RL.EST,-0.2746037
China,CHN,Government Effectiveness: Estimate,GE.EST,0.5170006
Colombia,COL,Rule of Law: Estimate,RL.EST,-0.4168378
Colombia,COL,Government Effectiveness: Estimate,GE.EST,0.0707119
Comoros,COM,Rule of Law: Estimate,RL.EST,-1.086838
Comoros,COM,Government Effectiveness: Estimate,GE.EST,-1.669251
"Congo, Dem. Rep.",COD,Rule of Law: Estimate,RL.EST,-1.786273
"Congo, Dem. Rep.",COD,Government Effectiveness: Estimate,GE.EST,-1.62692
"Congo, Rep.",COG,Rule of Law: Estimate,RL.EST,-1.149737
"Congo, Rep.",COG,Government Effectiveness: Estimate,GE.EST,-1.387316
Cook Islands,COK,Rule of Law: Estimate,RL.EST,..
Cook Islands,COK,Government Effectiveness: Estimate,GE.EST,..
Costa Rica,CRI,Rule of Law: Estimate,RL.EST,0.5445495
Costa Rica,CRI,Government Effectiveness: Estimate,GE.EST,0.4225595
Cote d'Ivoire,CIV,Rule of Law: Estimate,RL.EST,-0.5666268
Cote d'Ivoire,CIV,Government Effectiveness: Estimate,GE.EST,-0.4827835
Croatia,HRV,Rule of Law: Estimate,RL.EST,0.3953754
Croatia,HRV,Government Effectiveness: Estimate,GE.EST,0.4592125
Cuba,CUB,Rule of Law: Estimate,RL.EST,-0.3226229
Cuba,CUB,Government Effectiveness: Estimate,GE.EST,-0.1727885
Cyprus,CYP,Rule of Law: Estimate,RL.EST,0.7600086
Cyprus,CYP,Government Effectiveness: Estimate,GE.EST,0.9921815
Czech Republic,CZE,Rule of Law: Estimate,RL.EST,1.052832
Czech Republic,CZE,Government Effectiveness: Estimate,GE.EST,0.9553274
Denmark,DNK,Rule of Law: Estimate,RL.EST,1.876799
Denmark,DNK,Government Effectiveness: Estimate,GE.EST,1.910211
Djibouti,DJI,Rule of Law: Estimate,RL.EST,-0.9141684
Djibouti,DJI,Government Effectiveness: Estimate,GE.EST,-0.7134089
Dominica,DMA,Rule of Law: Estimate,RL.EST,0.6875657
Dominica,DMA,Government Effectiveness: Estimate,GE.EST,-0.2623335
Dominican Republic,DOM,Rule of Law: Estimate,RL.EST,-0.3475938
Dominican Republic,DOM,Government Effectiveness: Estimate,GE.EST,-0.358091
Ecuador,ECU,Rule of Law: Estimate,RL.EST,-0.5774394
Ecuador,ECU,Government Effectiveness: Estimate,GE.EST,-0.3996101
"Egypt, Arab Rep.",EGY,Rule of Law: Estimate,RL.EST,-0.4209398
"Egypt, Arab Rep.",EGY,Government Effectiveness: Estimate,GE.EST,-0.4244061
El Salvador,SLV,Rule of Law: Estimate,RL.EST,-0.7623366
El Salvador,SLV,Government Effectiveness: Estimate,GE.EST,-0.4654183
Equatorial Guinea,GNQ,Rule of Law: Estimate,RL.EST,-1.422766
Equatorial Guinea,GNQ,Government Effectiveness: Estimate,GE.EST,-1.3432
Eritrea,ERI,Rule of Law: Estimate,RL.EST,-1.595472
Eritrea,ERI,Government Effectiveness: Estimate,GE.EST,-1.757077
Estonia,EST,Rule of Law: Estimate,RL.EST,1.281483
Estonia,EST,Government Effectiveness: Estimate,GE.EST,1.174428
Eswatini,SWZ,Rule of Law: Estimate,RL.EST,-0.5019525
Eswatini,SWZ,Government Effectiveness: Estimate,GE.EST,-0.6789486
Ethiopia,ETH,Rule of Law: Estimate,RL.EST,-0.4733813
Ethiopia,ETH,Government Effectiveness: Estimate,GE.EST,-0.6343808
Fiji,FJI,Rule of Law: Estimate,RL.EST,-0.0251812
Fiji,FJI,Government Effectiveness: Estimate,GE.EST,0.1996178
Finland,FIN,Rule of Law: Estimate,RL.EST,2.058016
Finland,FIN,Government Effectiveness: Estimate,GE.EST,2.006594
France,FRA,Rule of Law: Estimate,RL.EST,1.407695
France,FRA,Government Effectiveness: Estimate,GE.EST,1.37214
French Guiana,GUF,Rule of Law: Estimate,RL.EST,1.166119
French Guiana,GUF,Government Effectiveness: Estimate,GE.EST,1.387043
Gabon,GAB,Rule of Law: Estimate,RL.EST,-0.7327159
Gabon,GAB,Government Effectiveness: Estimate,GE.EST,-0.897824
"Gambia, The",GMB,Rule of Law: Estimate,RL.EST,-0.3714375
"Gambia, The",GMB,Government Effectiveness: Estimate,GE.EST,-0.6311047
Georgia,GEO,Rule of Law: Estimate,RL.EST,0.3104377
Georgia,GEO,Government Effectiveness: Estimate,GE.EST,0.8287399
Germany,DEU,Rule of Law: Estimate,RL.EST,1.620687
Germany,DEU,Government Effectiveness: Estimate,GE.EST,1.531162
Ghana,GHA,Rule of Law: Estimate,RL.EST,0.0473358
Ghana,GHA,Government Effectiveness: Estimate,GE.EST,-0.2106433
Greece,GRC,Rule of Law: Estimate,RL.EST,0.1837852
Greece,GRC,Government Effectiveness: Estimate,GE.EST,0.3490244
Greenland,GRL,Rule of Law: Estimate,RL.EST,1.746319
Greenland,GRL,Government Effectiveness: Estimate,GE.EST,0.8134989
Grenada,GRD,Rule of Law: Estimate,RL.EST,0.1767789
Grenada,GRD,Government Effectiveness: Estimate,GE.EST,-0.1374281
Guam,GUM,Rule of Law: Estimate,RL.EST,1.335337
Guam,GUM,Government Effectiveness: Estimate,GE.EST,0.2690927
Guatemala,GTM,Rule of Law: Estimate,RL.EST,-1.052349
Guatemala,GTM,Government Effectiveness: Estimate,GE.EST,-0.6769783
Guinea,GIN,Rule of Law: Estimate,RL.EST,-1.20907
Guinea,GIN,Government Effectiveness: Estimate,GE.EST,-0.7789667
Guinea-Bissau,GNB,Rule of Law: Estimate,RL.EST,-1.264169
Guinea-Bissau,GNB,Government Effectiveness: Estimate,GE.EST,-1.515093
Guyana,GUY,Rule of Law: Estimate,RL.EST,-0.4311567
Guyana,GUY,Government Effectiveness: Estimate,GE.EST,-0.3868118
Haiti,HTI,Rule of Law: Estimate,RL.EST,-0.9713579
Haiti,HTI,Government Effectiveness: Estimate,GE.EST,-2.01491
Honduras,HND,Rule of Law: Estimate,RL.EST,-1.009133
Honduras,HND,Government Effectiveness: Estimate,GE.EST,-0.6119988
"Hong Kong SAR, China",HKG,Rule of Law: Estimate,RL.EST,1.604442
"Hong Kong SAR, China",HKG,Government Effectiveness: Estimate,GE.EST,1.740746
Hungary,HUN,Rule of Law: Estimate,RL.EST,0.526654
Hungary,HUN,Government Effectiveness: Estimate,GE.EST,0.4960532
Iceland,ISL,Rule of Law: Estimate,RL.EST,1.767259
Iceland,ISL,Government Effectiveness: Estimate,GE.EST,1.51794
India,IND,Rule of Law: Estimate,RL.EST,-0.0304647
India,IND,Government Effectiveness: Estimate,GE.EST,0.1708809
Indonesia,IDN,Rule of Law: Estimate,RL.EST,-0.3424213
Indonesia,IDN,Government Effectiveness: Estimate,GE.EST,0.1820512
"Iran, Islamic Rep.",IRN,Rule of Law: Estimate,RL.EST,-0.7496018
"Iran, Islamic Rep.",IRN,Government Effectiveness: Estimate,GE.EST,-0.5537257
Iraq,IRQ,Rule of Law: Estimate,RL.EST,-1.722623
Iraq,IRQ,Government Effectiveness: Estimate,GE.EST,-1.336643
Ireland,IRL,Rule of Law: Estimate,RL.EST,1.383474
Ireland,IRL,Government Effectiveness: Estimate,GE.EST,1.291792
Israel,ISR,Rule of Law: Estimate,RL.EST,1.047764
Israel,ISR,Government Effectiveness: Estimate,GE.EST,1.325325
Italy,ITA,Rule of Law: Estimate,RL.EST,0.3032814
Italy,ITA,Government Effectiveness: Estimate,GE.EST,0.4831744
Jamaica,JAM,Rule of Law: Estimate,RL.EST,-0.3124554
Jamaica,JAM,Government Effectiveness: Estimate,GE.EST,0.4939841
Japan,JPN,Rule of Law: Estimate,RL.EST,1.538249
Japan,JPN,Government Effectiveness: Estimate,GE.EST,1.586322
"Jersey, Channel Islands",JEY,Rule of Law: Estimate,RL.EST,1.746319
"Jersey, Channel Islands",JEY,Government Effectiveness: Estimate,GE.EST,1.237183
Jordan,JOR,Rule of Law: Estimate,RL.EST,0.1442419
Jordan,JOR,Government Effectiveness: Estimate,GE.EST,0.098672
Kazakhstan,KAZ,Rule of Law: Estimate,RL.EST,-0.4321694
Kazakhstan,KAZ,Government Effectiveness: Estimate,GE.EST,0.1240962
Kenya,KEN,Rule of Law: Estimate,RL.EST,-0.4542259
Kenya,KEN,Government Effectiveness: Estimate,GE.EST,-0.3833902
Kiribati,KIR,Rule of Law: Estimate,RL.EST,0.7393795
Kiribati,KIR,Government Effectiveness: Estimate,GE.EST,-0.2388186
"Korea, Dem. People's Rep.",PRK,Rule of Law: Estimate,RL.EST,-1.651893
"Korea, Dem. People's Rep.",PRK,Government Effectiveness: Estimate,GE.EST,-1.396965
"Korea, Rep.",KOR,Rule of Law: Estimate,RL.EST,1.194278
"Korea, Rep.",KOR,Government Effectiveness: Estimate,GE.EST,1.376088
Kosovo,XKX,Rule of Law: Estimate,RL.EST,-0.3928607
Kosovo,XKX,Government Effectiveness: Estimate,GE.EST,-0.3498967
Kuwait,KWT,Rule of Law: Estimate,RL.EST,0.2156609
Kuwait,KWT,Government Effectiveness: Estimate,GE.EST,0.0182124
Kyrgyz Republic,KGZ,Rule of Law: Estimate,RL.EST,-0.8861678
Kyrgyz Republic,KGZ,Government Effectiveness: Estimate,GE.EST,-0.6816202
Lao PDR,LAO,Rule of Law: Estimate,RL.EST,-0.9408555
Lao PDR,LAO,Government Effectiveness: Estimate,GE.EST,-0.7853428
Latvia,LVA,Rule of Law: Estimate,RL.EST,1.014091
Latvia,LVA,Government Effectiveness: Estimate,GE.EST,1.104713
Lebanon,LBN,Rule of Law: Estimate,RL.EST,-0.8583319
Lebanon,LBN,Government Effectiveness: Estimate,GE.EST,-0.8334518
Lesotho,LSO,Rule of Law: Estimate,RL.EST,-0.3802158
Lesotho,LSO,Government Effectiveness: Estimate,GE.EST,-0.8326482
Liberia,LBR,Rule of Law: Estimate,RL.EST,-0.9952623
Liberia,LBR,Government Effectiveness: Estimate,GE.EST,-1.374943
Libya,LBY,Rule of Law: Estimate,RL.EST,-1.84853
Libya,LBY,Government Effectiveness: Estimate,GE.EST,-1.922291
Liechtenstein,LIE,Rule of Law: Estimate,RL.EST,1.679649
Liechtenstein,LIE,Government Effectiveness: Estimate,GE.EST,1.696419
Lithuania,LTU,Rule of Law: Estimate,RL.EST,1.023039
Lithuania,LTU,Government Effectiveness: Estimate,GE.EST,1.043069
Luxembourg,LUX,Rule of Law: Estimate,RL.EST,1.793767
Luxembourg,LUX,Government Effectiveness: Estimate,GE.EST,1.733296
"Macao SAR, China",MAC,Rule of Law: Estimate,RL.EST,0.9189487
"Macao SAR, China",MAC,Government Effectiveness: Estimate,GE.EST,1.169075
Madagascar,MDG,Rule of Law: Estimate,RL.EST,-1.008889
Madagascar,MDG,Government Effectiveness: Estimate,GE.EST,-1.142615
Malawi,MWI,Rule of Law: Estimate,RL.EST,-0.3310178
Malawi,MWI,Government Effectiveness: Estimate,GE.EST,-0.7496988
Malaysia,MYS,Rule of Law: Estimate,RL.EST,0.5916137
Malaysia,MYS,Government Effectiveness: Estimate,GE.EST,0.9974676
Maldives,MDV,Rule of Law: Estimate,RL.EST,-0.4102152
Maldives,MDV,Government Effectiveness: Estimate,GE.EST,-0.1961802
Mali,MLI,Rule of Law: Estimate,RL.EST,-0.8342971
Mali,MLI,Government Effectiveness: Estimate,GE.EST,-1.056115
Malta,MLT,Rule of Law: Estimate,RL.EST,0.9523847
Malta,MLT,Government Effectiveness: Estimate,GE.EST,0.8581186
Marshall Islands,MHL,Rule of Law: Estimate,RL.EST,-0.0309545
Marshall Islands,MHL,Government Effectiveness: Estimate,GE.EST,-1.471939
Martinique,MTQ,Rule of Law: Estimate,RL.EST,0.6006506
Martinique,MTQ,Government Effectiveness: Estimate,GE.EST,1.088741
Mauritania,MRT,Rule of Law: Estimate,RL.EST,-0.5825586
Mauritania,MRT,Government Effectiveness: Estimate,GE.EST,-0.4983791
Mauritius,MUS,Rule of Law: Estimate,RL.EST,0.7642585
Mauritius,MUS,Government Effectiveness: Estimate,GE.EST,0.8703991
Mexico,MEX,Rule of Law: Estimate,RL.EST,-0.6580054
Mexico,MEX,Government Effectiveness: Estimate,GE.EST,-0.156787
"Micronesia, Fed. Sts.",FSM,Rule of Law: Estimate,RL.EST,0.0246855
"Micronesia, Fed. Sts.",FSM,Government Effectiveness: Estimate,GE.EST,-0.1926782
Moldova,MDA,Rule of Law: Estimate,RL.EST,-0.3727618
Moldova,MDA,Government Effectiveness: Estimate,GE.EST,-0.3837529
Monaco,MCO,Rule of Law: Estimate,RL.EST,..
Monaco,MCO,Government Effectiveness: Estimate,GE.EST,..
Mongolia,MNG,Rule of Law: Estimate,RL.EST,-0.2661898
Mongolia,MNG,Government Effectiveness: Estimate,GE.EST,-0.1954342
Montenegro,MNE,Rule of Law: Estimate,RL.EST,0.0962938
Montenegro,MNE,Government Effectiveness: Estimate,GE.EST,0.1554429
Morocco,MAR,Rule of Law: Estimate,RL.EST,-0.1353823
Morocco,MAR,Government Effectiveness: Estimate,GE.EST,-0.1194802
Mozambique,MOZ,Rule of Law: Estimate,RL.EST,-1.020236
Mozambique,MOZ,Government Effectiveness: Estimate,GE.EST,-0.8230483
Myanmar,MMR,Rule of Law: Estimate,RL.EST,-1.063034
Myanmar,MMR,Government Effectiveness: Estimate,GE.EST,-1.14944
Namibia,NAM,Rule of Law: Estimate,RL.EST,0.3104669
Namibia,NAM,Government Effectiveness: Estimate,GE.EST,0.0959153
Nauru,NRU,Rule of Law: Estimate,RL.EST,-0.7639237
Nauru,NRU,Government Effectiveness: Estimate,GE.EST,-0.1297272
Nepal,NPL,Rule of Law: Estimate,RL.EST,-0.5353847
Nepal,NPL,Government Effectiveness: Estimate,GE.EST,-1.045521
Netherlands,NLD,Rule of Law: Estimate,RL.EST,1.77776
Netherlands,NLD,Government Effectiveness: Estimate,GE.EST,1.803272
Netherlands Antilles,ANT,Rule of Law: Estimate,RL.EST,..
Netherlands Antilles,ANT,Government Effectiveness: Estimate,GE.EST,..
New Zealand,NZL,Rule of Law: Estimate,RL.EST,1.885101
New Zealand,NZL,Government Effectiveness: Estimate,GE.EST,1.670557
Nicaragua,NIC,Rule of Law: Estimate,RL.EST,-1.175733
Nicaragua,NIC,Government Effectiveness: Estimate,GE.EST,-0.7708514
Niger,NER,Rule of Law: Estimate,RL.EST,-0.5327945
Niger,NER,Government Effectiveness: Estimate,GE.EST,-0.8012532
Nigeria,NGA,Rule of Law: Estimate,RL.EST,-0.8980616
Nigeria,NGA,Government Effectiveness: Estimate,GE.EST,-1.088863
Niue,NIU,Rule of Law: Estimate,RL.EST,..
Niue,NIU,Government Effectiveness: Estimate,GE.EST,..
North Macedonia,MKD,Rule of Law: Estimate,RL.EST,-0.2431617
North Macedonia,MKD,Government Effectiveness: Estimate,GE.EST,-0.002664
Norway,NOR,Rule of Law: Estimate,RL.EST,1.9853
Norway,NOR,Government Effectiveness: Estimate,GE.EST,1.861935
Oman,OMN,Rule of Law: Estimate,RL.EST,0.5544669
Oman,OMN,Government Effectiveness: Estimate,GE.EST,0.2590411
Pakistan,PAK,Rule of Law: Estimate,RL.EST,-0.6674315
Pakistan,PAK,Government Effectiveness: Estimate,GE.EST,-0.6771356
Palau,PLW,Rule of Law: Estimate,RL.EST,0.3144668
Palau,PLW,Government Effectiveness: Estimate,GE.EST,-0.0456735
Panama,PAN,Rule of Law: Estimate,RL.EST,-0.1187436
Panama,PAN,Government Effectiveness: Estimate,GE.EST,0.0645118
Papua New Guinea,PNG,Rule of Law: Estimate,RL.EST,-0.8012539
Papua New Guinea,PNG,Government Effectiveness: Estimate,GE.EST,-0.8091748
Paraguay,PRY,Rule of Law: Estimate,RL.EST,-0.5564749
Paraguay,PRY,Government Effectiveness: Estimate,GE.EST,-0.5343443
Peru,PER,Rule of Law: Estimate,RL.EST,-0.4871095
Peru,PER,Government Effectiveness: Estimate,GE.EST,-0.0678705
Philippines,PHL,Rule of Law: Estimate,RL.EST,-0.4769835
Philippines,PHL,Government Effectiveness: Estimate,GE.EST,0.0520084
Poland,POL,Rule of Law: Estimate,RL.EST,0.4312604
Poland,POL,Government Effectiveness: Estimate,GE.EST,0.534801
Portugal,PRT,Rule of Law: Estimate,RL.EST,1.138518
Portugal,PRT,Government Effectiveness: Estimate,GE.EST,1.168682
Puerto Rico,PRI,Rule of Law: Estimate,RL.EST,0.5874102
Puerto Rico,PRI,Government Effectiveness: Estimate,GE.EST,-0.1645184
Qatar,QAT,Rule of Law: Estimate,RL.EST,0.7344219
Qatar,QAT,Government Effectiveness: Estimate,GE.EST,0.7049138
Reunion,REU,Rule of Law: Estimate,RL.EST,0.8455459
Reunion,REU,Government Effectiveness: Estimate,GE.EST,1.088741
Romania,ROU,Rule of Law: Estimate,RL.EST,0.4016761
Romania,ROU,Government Effectiveness: Estimate,GE.EST,-0.1621793
Russian Federation,RUS,Rule of Law: Estimate,RL.EST,-0.7236124
Russian Federation,RUS,Government Effectiveness: Estimate,GE.EST,0.1501806
Rwanda,RWA,Rule of Law: Estimate,RL.EST,0.0765001
Rwanda,RWA,Government Effectiveness: Estimate,GE.EST,0.1845681
Samoa,WSM,Rule of Law: Estimate,RL.EST,1.079298
Samoa,WSM,Government Effectiveness: Estimate,GE.EST,0.4351541
San Marino,SMR,Rule of Law: Estimate,RL.EST,..
San Marino,SMR,Government Effectiveness: Estimate,GE.EST,..
Sao Tome and Principe,STP,Rule of Law: Estimate,RL.EST,-0.6794825
Sao Tome and Principe,STP,Government Effectiveness: Estimate,GE.EST,-0.6277019
Saudi Arabia,SAU,Rule of Law: Estimate,RL.EST,0.1685323
Saudi Arabia,SAU,Government Effectiveness: Estimate,GE.EST,0.306174
Senegal,SEN,Rule of Law: Estimate,RL.EST,-0.1904918
Senegal,SEN,Government Effectiveness: Estimate,GE.EST,-0.0581013
Serbia,SRB,Rule of Law: Estimate,RL.EST,-0.1621674
Serbia,SRB,Government Effectiveness: Estimate,GE.EST,0.0484762
Seychelles,SYC,Rule of Law: Estimate,RL.EST,0.1717875
Seychelles,SYC,Government Effectiveness: Estimate,GE.EST,0.516902
Sierra Leone,SLE,Rule of Law: Estimate,RL.EST,-0.7662208
Sierra Leone,SLE,Government Effectiveness: Estimate,GE.EST,-1.126064
Singapore,SGP,Rule of Law: Estimate,RL.EST,1.878919
Singapore,SGP,Government Effectiveness: Estimate,GE.EST,2.220709
Slovak Republic,SVK,Rule of Law: Estimate,RL.EST,0.5284449
Slovak Republic,SVK,Government Effectiveness: Estimate,GE.EST,0.5852264
Slovenia,SVN,Rule of Law: Estimate,RL.EST,1.118611
Slovenia,SVN,Government Effectiveness: Estimate,GE.EST,1.081091
Solomon Islands,SLB,Rule of Law: Estimate,RL.EST,-0.1392097
Solomon Islands,SLB,Government Effectiveness: Estimate,GE.EST,-0.9993162
Somalia,SOM,Rule of Law: Estimate,RL.EST,-2.350949
Somalia,SOM,Government Effectiveness: Estimate,GE.EST,-2.236429
South Africa,ZAF,Rule of Law: Estimate,RL.EST,-0.0761623
South Africa,ZAF,Government Effectiveness: Estimate,GE.EST,0.3676561
South Sudan,SSD,Rule of Law: Estimate,RL.EST,-1.97004
South Sudan,SSD,Government Effectiveness: Estimate,GE.EST,-2.451946
Spain,ESP,Rule of Law: Estimate,RL.EST,1.025826
Spain,ESP,Government Effectiveness: Estimate,GE.EST,1.001175
Sri Lanka,LKA,Rule of Law: Estimate,RL.EST,-0.0118801
Sri Lanka,LKA,Government Effectiveness: Estimate,GE.EST,-0.1143393
St. Kitts and Nevis,KNA,Rule of Law: Estimate,RL.EST,0.4798416
St. Kitts and Nevis,KNA,Government Effectiveness: Estimate,GE.EST,0.5423087
St. Lucia,LCA,Rule of Law: Estimate,RL.EST,0.5703948
St. Lucia,LCA,Government Effectiveness: Estimate,GE.EST,0.2226826
St. Vincent and the Grenadines,VCT,Rule of Law: Estimate,RL.EST,0.4476969
St. Vincent and the Grenadines,VCT,Government Effectiveness: Estimate,GE.EST,0.2226826
Sudan,SDN,Rule of Law: Estimate,RL.EST,-1.140721
Sudan,SDN,Government Effectiveness: Estimate,GE.EST,-1.622059
Suriname,SUR,Rule of Law: Estimate,RL.EST,-0.0597261
Suriname,SUR,Government Effectiveness: Estimate,GE.EST,-0.5902826
Sweden,SWE,Rule of Law: Estimate,RL.EST,1.832539
Sweden,SWE,Government Effectiveness: Estimate,GE.EST,1.709257
Switzerland,CHE,Rule of Law: Estimate,RL.EST,1.907008
Switzerland,CHE,Government Effectiveness: Estimate,GE.EST,1.951758
Syrian Arab Republic,SYR,Rule of Law: Estimate,RL.EST,-2.076591
Syrian Arab Republic,SYR,Government Effectiveness: Estimate,GE.EST,-1.711438
"Taiwan, China",TWN,Rule of Law: Estimate,RL.EST,1.141316
"Taiwan, China",TWN,Government Effectiveness: Estimate,GE.EST,1.43642
Tajikistan,TJK,Rule of Law: Estimate,RL.EST,-1.227982
Tajikistan,TJK,Government Effectiveness: Estimate,GE.EST,-1.048751
Tanzania,TZA,Rule of Law: Estimate,RL.EST,-0.5778359
Tanzania,TZA,Government Effectiveness: Estimate,GE.EST,-0.8793442
Thailand,THA,Rule of Law: Estimate,RL.EST,0.1031694
Thailand,THA,Government Effectiveness: Estimate,GE.EST,0.3565671
Timor-Leste,TLS,Rule of Law: Estimate,RL.EST,-1.11124
Timor-Leste,TLS,Government Effectiveness: Estimate,GE.EST,-0.8858545
Togo,TGO,Rule of Law: Estimate,RL.EST,-0.588656
Togo,TGO,Government Effectiveness: Estimate,GE.EST,-0.9173684
Tonga,TON,Rule of Law: Estimate,RL.EST,0.460519
Tonga,TON,Government Effectiveness: Estimate,GE.EST,0.1606909
Trinidad and Tobago,TTO,Rule of Law: Estimate,RL.EST,-0.1198971
Trinidad and Tobago,TTO,Government Effectiveness: Estimate,GE.EST,0.0991704
Tunisia,TUN,Rule of Law: Estimate,RL.EST,0.0624796
Tunisia,TUN,Government Effectiveness: Estimate,GE.EST,-0.1029492
Turkey,TUR,Rule of Law: Estimate,RL.EST,-0.2826563
Turkey,TUR,Government Effectiveness: Estimate,GE.EST,0.0478893
Turkmenistan,TKM,Rule of Law: Estimate,RL.EST,-1.415011
Turkmenistan,TKM,Government Effectiveness: Estimate,GE.EST,-1.157497
Tuvalu,TUV,Rule of Law: Estimate,RL.EST,0.4823242
Tuvalu,TUV,Government Effectiveness: Estimate,GE.EST,-0.6488501
Uganda,UGA,Rule of Law: Estimate,RL.EST,-0.314339
Uganda,UGA,Government Effectiveness: Estimate,GE.EST,-0.5854658
Ukraine,UKR,Rule of Law: Estimate,RL.EST,-0.6982756
Ukraine,UKR,Government Effectiveness: Estimate,GE.EST,-0.297047
United Arab Emirates,ARE,Rule of Law: Estimate,RL.EST,0.840346
United Arab Emirates,ARE,Government Effectiveness: Estimate,GE.EST,1.376891
United Kingdom,GBR,Rule of Law: Estimate,RL.EST,1.606702
United Kingdom,GBR,Government Effectiveness: Estimate,GE.EST,1.482738
United States,USA,Rule of Law: Estimate,RL.EST,1.46136
United States,USA,Government Effectiveness: Estimate,GE.EST,1.488845
Uruguay,URY,Rule of Law: Estimate,RL.EST,0.6217154
Uruguay,URY,Government Effectiveness: Estimate,GE.EST,0.6949803
Uzbekistan,UZB,Rule of Law: Estimate,RL.EST,-1.048056
Uzbekistan,UZB,Government Effectiveness: Estimate,GE.EST,-0.5141267
Vanuatu,VUT,Rule of Law: Estimate,RL.EST,0.1790091
Vanuatu,VUT,Government Effectiveness: Estimate,GE.EST,-0.5476381
"Venezuela, RB",VEN,Rule of Law: Estimate,RL.EST,-2.320636
"Venezuela, RB",VEN,Government Effectiveness: Estimate,GE.EST,-1.658469
Vietnam,VNM,Rule of Law: Estimate,RL.EST,-0.0165804
Vietnam,VNM,Government Effectiveness: Estimate,GE.EST,0.0383097
Virgin Islands (U.S.),VIR,Rule of Law: Estimate,RL.EST,1.090441
Virgin Islands (U.S.),VIR,Government Effectiveness: Estimate,GE.EST,0.8155248
West Bank and Gaza,PSE,Rule of Law: Estimate,RL.EST,-0.4856505
West Bank and Gaza,PSE,Government Effectiveness: Estimate,GE.EST,-0.7442973
"Yemen, Rep.",YEM,Rule of Law: Estimate,RL.EST,-1.773752
"Yemen, Rep.",YEM,Government Effectiveness: Estimate,GE.EST,-2.279256
Zambia,ZMB,Rule of Law: Estimate,RL.EST,-0.4619572
Zambia,ZMB,Government Effectiveness: Estimate,GE.EST,-0.6755785
Zimbabwe,ZWE,Rule of Law: Estimate,RL.EST,-1.257262
Zimbabwe,ZWE,Government Effectiveness: Estimate,GE.EST,-1.20482
,,,,
,,,,
,,,,
Data from database: Worldwide Governance Indicators,,,,
Last Updated: 09/27/2021,,,,
